<?xml version="1.0" encoding="utf-8"?>
<extension type="component" version="2.5" method="upgrade">
	<name>Postman</name>
	<creationDate>2012</creationDate>
	<author>3Gepard</author>
	<authorEmail>joomla@threegepard.com</authorEmail>
	<authorUrl>www.threegepard.com</authorUrl>
	<copyright>2009-2012 3Geppard All rights reserved</copyright>
	<license>3Geppard All rights reserved</license>
	<authorEmail>joomla@threeepard.com</authorEmail>
	<authorUrl>www.threegepard.com</authorUrl>
	<version>2.5.1</version>
	<description>Newsletter component for sending of news-letters to registered groups of subscribers.</description>
	<update>
		<schemas>
			<schemapath type="mysql">
			</schemapath> 
		</schemas>
	</update>
	<install>
		<sql>
			<file driver="mysql" charset="utf8">sql/install.mysql.utf8.sql</file>
		</sql>
	</install>
	<uninstall>
		<sql>
			<file driver="mysql" charset="utf8">sql/uninstall.mysql.utf8.sql</file>
		</sql>
	</uninstall>

	<installfile>installation.postman.php</installfile>
	<uninstallfile>installation.postman.php</uninstallfile>

	<files folder="site">
		<folder>controllers</folder>
		<folder>views</folder>
		<filename>index.html</filename>
		<filename>postman.php</filename>
	</files>

	<administration>
		<files folder="admin">
			<folder>controllers</folder>
			<folder>models</folder>
			<folder>sql</folder>
			<folder>views</folder>
			<filename>index.html</filename>
			<filename>access.xml</filename>
			<filename>config.xml</filename>
			<filename>postman.php</filename>
		</files>
		<menu img="class:article" link="option=com_postman">Postman</menu>
	</administration>
<!--
	<languages folder="admin">
		<language tag="en-GB">language/en-GB/en-GB.com_postman.ini</language>
	</languages>
-->
	<!-- UPDATESERVER DEFINITION -->
	<updateservers>
		<!-- Note: No spaces or linebreaks allowed between the server tags -->
		<server type="extension" priority="1" name="Postman Update Site">http://www.threegepard.com/update/postman-update.xml</server>
	</updateservers>
</extension>

