<?xml version="1.0" encoding="utf-8"?>
<extension type="library" version="2.5" method="upgrade">
	<name>mvc3gepard</name>
	<libraryname>mvc3gepard</libraryname>
	<author>3Gepard</author>
	<authorEmail>joomla@threegepard.com</authorEmail>
	<authorUrl>http://www.threegepard.com</authorUrl>
	<copyright>Copyright (C) 2012 3Gepard, Inc. All rights reserved.</copyright>
	<license>GNU General Public License version 2 or later.</license>
	<creationDate>January 2012</creationDate>
	<description>3Gepard MVC Library</description>
	<version>2.5.0</version>
	<files>
		<folder>utils</folder>
		<filename>index.html</filename>
		<filename>proximitycontroller.php</filename>
		<filename>proximitymodel.php</filename>
		<filename>proximityview.php</filename>
	</files>
</extension>
